{"compile_duration": 32.45168685913086, "duration_per_example": 0.09220345504581928, "tile_duration_per_example": 0.0644129510908203, "examples": 1024, "batch_size": 1, "model": "nasnet_mobile", "backend": "plaid", "correct": false, "max_error": 0.4411660432815552, "max_abs_error": 0.13712698221206665, "fail_ratio": 0.133}