{"compile_duration": 45.68764519691467, "duration_per_example": 0.13675809651613235, "tile_duration_per_example": 0.12908096734667968, "examples": 1024, "batch_size": 1, "model": "nasnet_mobile", "backend": "plaid", "correct": true, "max_error": 8.236973371822387e-06, "max_abs_error": 8.344650268554688e-07, "fail_ratio": 0.0}