{"compile_duration": 1.1286001205444336, "duration_per_example": 0.1409346649888903, "tile_duration_per_example": 0.1384887089160156, "examples": 1024, "batch_size": 1, "model": "vgg19", "backend": "plaid", "correct": true, "max_error": 5.978550689178519e-06, "max_abs_error": 8.195638656616211e-07, "fail_ratio": 0.0}