{"compile_duration": 32.593042850494385, "duration_per_example": 0.09192646062001586, "tile_duration_per_example": 0.06428653066210938, "examples": 1024, "batch_size": 1, "model": "nasnet_mobile", "backend": "plaid", "correct": false, "max_error": 0.4411660432815552, "max_abs_error": 0.13712698221206665, "fail_ratio": 0.133}