{"compile_duration": 6.835951089859009, "duration_per_example": 0.021391361253336072, "tile_duration_per_example": 0.015441719951171875, "examples": 1024, "batch_size": 1, "model": "mobilenet", "backend": "plaid", "correct": false, "max_error": 2.0237271785736084, "max_abs_error": 0.06420516222715378, "fail_ratio": 0.775}