{"compile_duration": 11.886077880859375, "duration_per_example": 6.839806446107104, "tile_duration_per_example": 1e-09, "examples": 1024, "batch_size": 1, "model": "vgg19", "backend": "plaid", "correct": true, "max_error": 2.275573933729902e-06, "max_abs_error": 5.960464477539063e-08, "fail_ratio": 0.0}