{"compile_duration": 0.46213412284851074, "duration_per_example": 0.01261960668489337, "tile_duration_per_example": 0.007363463031250001, "examples": 1024, "batch_size": 1, "model": "mobilenet", "backend": "plaid", "correct": false, "max_error": 51.69257736206055, "max_abs_error": 0.5350822806358337, "fail_ratio": 0.881}