{"compile_duration": 2.698655128479004, "duration_per_example": 0.07224115519784391, "tile_duration_per_example": 0.0689767857998047, "examples": 1024, "batch_size": 1, "model": "mobilenet", "backend": "plaid", "correct": true, "max_error": 1.7640328223933466e-05, "max_abs_error": 7.040798664093018e-07, "fail_ratio": 0.0}