{"compile_duration": 2.7711760997772217, "duration_per_example": 0.07439848524518311, "tile_duration_per_example": 0.07092273722753906, "examples": 1024, "batch_size": 1, "model": "mobilenet", "backend": "plaid", "correct": true, "max_error": 1.7640328223933466e-05, "max_abs_error": 7.040798664093018e-07, "fail_ratio": 0.0}