{"compile_duration": 0.6104471683502197, "duration_per_example": 0.2999838066753, "tile_duration_per_example": 0.29525883943750003, "examples": 1024, "batch_size": 1, "model": "vgg16", "backend": "plaid", "correct": false, "max_error": 12.00523567199707, "max_abs_error": 0.9993071556091309, "fail_ratio": 1.0}