{"compile_duration": 0.9772868156433105, "duration_per_example": 0.12061943346634507, "tile_duration_per_example": 0.11817670470800781, "examples": 1024, "batch_size": 1, "model": "vgg16", "backend": "plaid", "correct": true, "max_error": 4.444304067874327e-06, "max_abs_error": 6.612390279769897e-08, "fail_ratio": 0.0}