{"compile_duration": 33.18885898590088, "duration_per_example": 0.09364697081036866, "tile_duration_per_example": 0.06499603833007812, "examples": 1024, "batch_size": 1, "model": "nasnet_mobile", "backend": "plaid", "correct": false, "max_error": 0.4411660432815552, "max_abs_error": 0.13712698221206665, "fail_ratio": 0.133}