{"compile_duration": 4.789727210998535, "duration_per_example": 0.0779235849622637, "tile_duration_per_example": 1e-09, "examples": 1024, "batch_size": 1, "model": "nasnet_mobile", "backend": "plaid", "correct": true, "max_error": 5.555153165914817e-06, "max_abs_error": 2.384185791015625e-07, "fail_ratio": 0.0}