{"compile_duration": 0.42917394638061523, "duration_per_example": 0.01280026463791728, "tile_duration_per_example": 0.00733424209375, "examples": 1024, "batch_size": 1, "model": "mobilenet", "backend": "plaid", "correct": false, "max_error": 51.69257736206055, "max_abs_error": 0.5350822806358337, "fail_ratio": 0.881}