{"compile_duration": 46.3067409992218, "duration_per_example": 0.14857436320744455, "tile_duration_per_example": 0.14000589409082032, "examples": 1024, "batch_size": 1, "model": "nasnet_mobile", "backend": "plaid", "correct": true, "max_error": 8.236973371822387e-06, "max_abs_error": 8.344650268554688e-07, "fail_ratio": 0.0}