{"compile_duration": 0.46227407455444336, "duration_per_example": 0.02266213553957641, "tile_duration_per_example": 1e-09, "examples": 1024, "batch_size": 1, "model": "mobilenet", "backend": "plaid", "correct": true, "max_error": 9.645211321185343e-06, "max_abs_error": 7.897615432739258e-07, "fail_ratio": 0.0}