{"compile_duration": 2.7085139751434326, "duration_per_example": 0.07211768254637718, "tile_duration_per_example": 0.06893735101171874, "examples": 1024, "batch_size": 1, "model": "mobilenet", "backend": "plaid", "correct": true, "max_error": 1.7640328223933466e-05, "max_abs_error": 7.040798664093018e-07, "fail_ratio": 0.0}