{"compile_duration": 0.4372570514678955, "duration_per_example": 0.012778011616319418, "tile_duration_per_example": 0.0073288488125, "examples": 1024, "batch_size": 1, "model": "mobilenet", "backend": "plaid", "correct": false, "max_error": 51.69257736206055, "max_abs_error": 0.5350822806358337, "fail_ratio": 0.881}