{"compile_duration": 7.212177038192749, "duration_per_example": 0.02142115030437708, "tile_duration_per_example": 0.0154113158515625, "examples": 1024, "batch_size": 1, "model": "mobilenet", "backend": "plaid", "correct": false, "max_error": 2.0237271785736084, "max_abs_error": 0.06420516222715378, "fail_ratio": 0.775}