{"compile_duration": 28.705456018447876, "duration_per_example": 0.0069147637113928795, "tile_duration_per_example": 0.006343102278320313, "examples": 1024, "batch_size": 1, "model": "imdb_lstm", "backend": "plaid", "correct": true, "max_error": 9.253574972944989e-08, "max_abs_error": 5.960464477539063e-08, "fail_ratio": 0.0}