{"compile_duration": 6.898285150527954, "duration_per_example": 0.021043613320216537, "tile_duration_per_example": 0.015399013208984375, "examples": 1024, "batch_size": 1, "model": "mobilenet", "backend": "plaid", "correct": false, "max_error": 2.0237271785736084, "max_abs_error": 0.06420516222715378, "fail_ratio": 0.775}