{"compile_duration": 29.570941925048828, "duration_per_example": 0.006997104501351714, "tile_duration_per_example": 0.006395355655273438, "examples": 1024, "batch_size": 1, "model": "imdb_lstm", "backend": "plaid", "correct": true, "max_error": 9.253574972944989e-08, "max_abs_error": 5.960464477539063e-08, "fail_ratio": 0.0}